--------------------------------------------------------
-- Archivo creado  - martes-noviembre-17-2015   
--------------------------------------------------------
--------------------------------------------------------
--  DDL for Sequence DEMO_CUST_SEQ
--------------------------------------------------------

   CREATE SEQUENCE  "BDATOS"."DEMO_CUST_SEQ"  MINVALUE 1 MAXVALUE 9999999999999999999999999999 INCREMENT BY 1 START WITH 21 CACHE 20 NOORDER  NOCYCLE ;
--------------------------------------------------------
--  DDL for Sequence DEMO_ORDER_ITEMS_SEQ
--------------------------------------------------------

   CREATE SEQUENCE  "BDATOS"."DEMO_ORDER_ITEMS_SEQ"  MINVALUE 1 MAXVALUE 9999999999999999999999999999 INCREMENT BY 1 START WITH 61 CACHE 20 NOORDER  NOCYCLE ;
--------------------------------------------------------
--  DDL for Sequence DEMO_ORD_SEQ
--------------------------------------------------------

   CREATE SEQUENCE  "BDATOS"."DEMO_ORD_SEQ"  MINVALUE 1 MAXVALUE 9999999999999999999999999999 INCREMENT BY 1 START WITH 11 CACHE 20 NOORDER  NOCYCLE ;
--------------------------------------------------------
--  DDL for Sequence DEMO_PROD_SEQ
--------------------------------------------------------

   CREATE SEQUENCE  "BDATOS"."DEMO_PROD_SEQ"  MINVALUE 1 MAXVALUE 9999999999999999999999999999 INCREMENT BY 1 START WITH 21 CACHE 20 NOORDER  NOCYCLE ;
--------------------------------------------------------
--  DDL for Sequence DEMO_USERS_SEQ
--------------------------------------------------------

   CREATE SEQUENCE  "BDATOS"."DEMO_USERS_SEQ"  MINVALUE 1 MAXVALUE 9999999999999999999999999999 INCREMENT BY 1 START WITH 21 CACHE 20 NOORDER  NOCYCLE ;
--------------------------------------------------------
--  DDL for Table ALU_CAR
--------------------------------------------------------

  CREATE TABLE "BDATOS"."ALU_CAR" 
   (	"ACA_RUN" NUMBER, 
	"ACA_CAR" NUMBER(4,0), 
	"ACA_AGNO" NUMBER(4,0), 
	"ACA_SEM" NUMBER(1,0), 
	"ACA_FECHA" DATE
   ) SEGMENT CREATION IMMEDIATE 
  PCTFREE 10 PCTUSED 40 INITRANS 1 MAXTRANS 255 NOCOMPRESS LOGGING
  STORAGE(INITIAL 65536 NEXT 1048576 MINEXTENTS 1 MAXEXTENTS 2147483645
  PCTINCREASE 0 FREELISTS 1 FREELIST GROUPS 1 BUFFER_POOL DEFAULT FLASH_CACHE DEFAULT CELL_FLASH_CACHE DEFAULT)
  TABLESPACE "USERS" ;

   COMMENT ON TABLE "BDATOS"."ALU_CAR"  IS 'ALU_CAR';
--------------------------------------------------------
--  DDL for Table ALUMNO
--------------------------------------------------------

  CREATE TABLE "BDATOS"."ALUMNO" 
   (	"ALU_RUN" NUMBER(8,0), 
	"ALU_NOMBRES" VARCHAR2(20 BYTE), 
	"ALU_AP_PAT" VARCHAR2(20 BYTE), 
	"ALU_AP_MAT" VARCHAR2(20 BYTE), 
	"ALU_DIR" VARCHAR2(100 BYTE), 
	"ALU_EMAIL" VARCHAR2(50 BYTE)
   ) SEGMENT CREATION IMMEDIATE 
  PCTFREE 10 PCTUSED 40 INITRANS 1 MAXTRANS 255 NOCOMPRESS LOGGING
  STORAGE(INITIAL 65536 NEXT 1048576 MINEXTENTS 1 MAXEXTENTS 2147483645
  PCTINCREASE 0 FREELISTS 1 FREELIST GROUPS 1 BUFFER_POOL DEFAULT FLASH_CACHE DEFAULT CELL_FLASH_CACHE DEFAULT)
  TABLESPACE "USERS" ;

   COMMENT ON TABLE "BDATOS"."ALUMNO"  IS 'holá';
--------------------------------------------------------
--  DDL for Table CARRERA
--------------------------------------------------------

  CREATE TABLE "BDATOS"."CARRERA" 
   (	"CAR_COD" NUMBER(4,0), 
	"CAR_NOMBRE" VARCHAR2(100 BYTE), 
	"CAR_DEPTO" VARCHAR2(5 BYTE)
   ) SEGMENT CREATION IMMEDIATE 
  PCTFREE 10 PCTUSED 40 INITRANS 1 MAXTRANS 255 NOCOMPRESS LOGGING
  STORAGE(INITIAL 65536 NEXT 1048576 MINEXTENTS 1 MAXEXTENTS 2147483645
  PCTINCREASE 0 FREELISTS 1 FREELIST GROUPS 1 BUFFER_POOL DEFAULT FLASH_CACHE DEFAULT CELL_FLASH_CACHE DEFAULT)
  TABLESPACE "USERS" ;
--------------------------------------------------------
--  DDL for Table TABLA_NUMEROS
--------------------------------------------------------

  CREATE TABLE "BDATOS"."TABLA_NUMEROS" 
   (	"NUM_VALOR" NUMBER(2,0)
   ) SEGMENT CREATION IMMEDIATE 
  PCTFREE 10 PCTUSED 40 INITRANS 1 MAXTRANS 255 NOCOMPRESS LOGGING
  STORAGE(INITIAL 65536 NEXT 1048576 MINEXTENTS 1 MAXEXTENTS 2147483645
  PCTINCREASE 0 FREELISTS 1 FREELIST GROUPS 1 BUFFER_POOL DEFAULT FLASH_CACHE DEFAULT CELL_FLASH_CACHE DEFAULT)
  TABLESPACE "USERS" ;
--------------------------------------------------------
--  DDL for Table FACULTAD
--------------------------------------------------------

  CREATE TABLE "BDATOS"."FACULTAD" 
   (	"FAC_COD" VARCHAR2(4 BYTE), 
	"FAC_NOMBRE" VARCHAR2(100 BYTE), 
	"FAC_PRESUP" NUMBER(10,0)
   ) SEGMENT CREATION IMMEDIATE 
  PCTFREE 10 PCTUSED 40 INITRANS 1 MAXTRANS 255 NOCOMPRESS LOGGING
  STORAGE(INITIAL 65536 NEXT 1048576 MINEXTENTS 1 MAXEXTENTS 2147483645
  PCTINCREASE 0 FREELISTS 1 FREELIST GROUPS 1 BUFFER_POOL DEFAULT FLASH_CACHE DEFAULT CELL_FLASH_CACHE DEFAULT)
  TABLESPACE "USERS" ;
--------------------------------------------------------
--  DDL for Table DEPARTAMENTO
--------------------------------------------------------

  CREATE TABLE "BDATOS"."DEPARTAMENTO" 
   (	"DEP_COD" VARCHAR2(5 BYTE), 
	"DEP_NOMBRE" VARCHAR2(100 BYTE), 
	"DEP_FAC" VARCHAR2(4 BYTE)
   ) SEGMENT CREATION IMMEDIATE 
  PCTFREE 10 PCTUSED 40 INITRANS 1 MAXTRANS 255 NOCOMPRESS LOGGING
  STORAGE(INITIAL 65536 NEXT 1048576 MINEXTENTS 1 MAXEXTENTS 2147483645
  PCTINCREASE 0 FREELISTS 1 FREELIST GROUPS 1 BUFFER_POOL DEFAULT FLASH_CACHE DEFAULT CELL_FLASH_CACHE DEFAULT)
  TABLESPACE "USERS" ;
REM INSERTING into BDATOS.ALU_CAR
Insert into BDATOS.ALU_CAR (ACA_RUN,ACA_CAR,ACA_AGNO,ACA_SEM,ACA_FECHA) values (12345123,4601,2010,1,to_date('10/08/14','DD/MM/RR'));
Insert into BDATOS.ALU_CAR (ACA_RUN,ACA_CAR,ACA_AGNO,ACA_SEM,ACA_FECHA) values (16652987,6534,2012,1,to_date('14/12/13','DD/MM/RR'));
Insert into BDATOS.ALU_CAR (ACA_RUN,ACA_CAR,ACA_AGNO,ACA_SEM,ACA_FECHA) values (19314547,7410,2012,1,to_date('24/07/15','DD/MM/RR'));
Insert into BDATOS.ALU_CAR (ACA_RUN,ACA_CAR,ACA_AGNO,ACA_SEM,ACA_FECHA) values (18210336,4501,2013,1,to_date('10/06/15','DD/MM/RR'));
Insert into BDATOS.ALU_CAR (ACA_RUN,ACA_CAR,ACA_AGNO,ACA_SEM,ACA_FECHA) values (18480817,5741,2012,1,to_date('12/12/15','DD/MM/RR'));
Insert into BDATOS.ALU_CAR (ACA_RUN,ACA_CAR,ACA_AGNO,ACA_SEM,ACA_FECHA) values (18593493,3001,2014,1,to_date('07/06/15','DD/MM/RR'));
REM INSERTING into BDATOS.ALUMNO
Insert into BDATOS.ALUMNO (ALU_RUN,ALU_NOMBRES,ALU_AP_PAT,ALU_AP_MAT,ALU_DIR,ALU_EMAIL) values (18593493,'Nicolas Fernando','Perez','Poblete','Senecio 4508','nicolas.perez@usach.cl');
Insert into BDATOS.ALUMNO (ALU_RUN,ALU_NOMBRES,ALU_AP_PAT,ALU_AP_MAT,ALU_DIR,ALU_EMAIL) values (18480817,'Ana Karina','Alvarez','Ojeda','Valle del Yelcho 6663','ana.alvarez@usach.cl');
Insert into BDATOS.ALUMNO (ALU_RUN,ALU_NOMBRES,ALU_AP_PAT,ALU_AP_MAT,ALU_DIR,ALU_EMAIL) values (18210336,'Angelica Elizabeth','Poblete','Hidalgo','Alameda 3387',null);
Insert into BDATOS.ALUMNO (ALU_RUN,ALU_NOMBRES,ALU_AP_PAT,ALU_AP_MAT,ALU_DIR,ALU_EMAIL) values (19314547,'Andres Felipe','Barrera','Soza','Valle del Sol 4080',null);
Insert into BDATOS.ALUMNO (ALU_RUN,ALU_NOMBRES,ALU_AP_PAT,ALU_AP_MAT,ALU_DIR,ALU_EMAIL) values (12345123,'Daniel Eduardo','Ríos','Fuentes','Alameda 3363',null);
Insert into BDATOS.ALUMNO (ALU_RUN,ALU_NOMBRES,ALU_AP_PAT,ALU_AP_MAT,ALU_DIR,ALU_EMAIL) values (16652987,'Patricia Alejandra','Rojas','Montecinos','Nueva Imperial 456',' patricia.rojas@usach.cl');
REM INSERTING into BDATOS.CARRERA
Insert into BDATOS.CARRERA (CAR_COD,CAR_NOMBRE,CAR_DEPTO) values (4601,'Licenciatura en Ciencia de la Computación','DMCC');
Insert into BDATOS.CARRERA (CAR_COD,CAR_NOMBRE,CAR_DEPTO) values (6534,'Licenciatura en Historia','DHIS');
Insert into BDATOS.CARRERA (CAR_COD,CAR_NOMBRE,CAR_DEPTO) values (3001,'Obstetricia y Puericultura','DOBT');
Insert into BDATOS.CARRERA (CAR_COD,CAR_NOMBRE,CAR_DEPTO) values (4501,'Ingenieria Civil Mecanica','DMEC');
Insert into BDATOS.CARRERA (CAR_COD,CAR_NOMBRE,CAR_DEPTO) values (7410,'Odontologia','DODN');
Insert into BDATOS.CARRERA (CAR_COD,CAR_NOMBRE,CAR_DEPTO) values (5741,'Periodismo ','DEPD');
Insert into BDATOS.CARRERA (CAR_COD,CAR_NOMBRE,CAR_DEPTO) values (2356,'Ingenieria Matematica','DMCC');
REM INSERTING into BDATOS.TABLA_NUMEROS
Insert into BDATOS.TABLA_NUMEROS (NUM_VALOR) values (1);
Insert into BDATOS.TABLA_NUMEROS (NUM_VALOR) values (3);
Insert into BDATOS.TABLA_NUMEROS (NUM_VALOR) values (5);
Insert into BDATOS.TABLA_NUMEROS (NUM_VALOR) values (7);
Insert into BDATOS.TABLA_NUMEROS (NUM_VALOR) values (9);
Insert into BDATOS.TABLA_NUMEROS (NUM_VALOR) values (11);
Insert into BDATOS.TABLA_NUMEROS (NUM_VALOR) values (13);
Insert into BDATOS.TABLA_NUMEROS (NUM_VALOR) values (15);
Insert into BDATOS.TABLA_NUMEROS (NUM_VALOR) values (17);
Insert into BDATOS.TABLA_NUMEROS (NUM_VALOR) values (19);
Insert into BDATOS.TABLA_NUMEROS (NUM_VALOR) values (21);
Insert into BDATOS.TABLA_NUMEROS (NUM_VALOR) values (25);
Insert into BDATOS.TABLA_NUMEROS (NUM_VALOR) values (27);
Insert into BDATOS.TABLA_NUMEROS (NUM_VALOR) values (29);
Insert into BDATOS.TABLA_NUMEROS (NUM_VALOR) values (31);
Insert into BDATOS.TABLA_NUMEROS (NUM_VALOR) values (33);
Insert into BDATOS.TABLA_NUMEROS (NUM_VALOR) values (35);
Insert into BDATOS.TABLA_NUMEROS (NUM_VALOR) values (37);
Insert into BDATOS.TABLA_NUMEROS (NUM_VALOR) values (39);
Insert into BDATOS.TABLA_NUMEROS (NUM_VALOR) values (41);
Insert into BDATOS.TABLA_NUMEROS (NUM_VALOR) values (43);
Insert into BDATOS.TABLA_NUMEROS (NUM_VALOR) values (45);
Insert into BDATOS.TABLA_NUMEROS (NUM_VALOR) values (47);
Insert into BDATOS.TABLA_NUMEROS (NUM_VALOR) values (49);
Insert into BDATOS.TABLA_NUMEROS (NUM_VALOR) values (51);
Insert into BDATOS.TABLA_NUMEROS (NUM_VALOR) values (53);
Insert into BDATOS.TABLA_NUMEROS (NUM_VALOR) values (55);
Insert into BDATOS.TABLA_NUMEROS (NUM_VALOR) values (59);
Insert into BDATOS.TABLA_NUMEROS (NUM_VALOR) values (61);
Insert into BDATOS.TABLA_NUMEROS (NUM_VALOR) values (63);
Insert into BDATOS.TABLA_NUMEROS (NUM_VALOR) values (65);
Insert into BDATOS.TABLA_NUMEROS (NUM_VALOR) values (67);
Insert into BDATOS.TABLA_NUMEROS (NUM_VALOR) values (69);
Insert into BDATOS.TABLA_NUMEROS (NUM_VALOR) values (71);
Insert into BDATOS.TABLA_NUMEROS (NUM_VALOR) values (73);
Insert into BDATOS.TABLA_NUMEROS (NUM_VALOR) values (75);
Insert into BDATOS.TABLA_NUMEROS (NUM_VALOR) values (77);
Insert into BDATOS.TABLA_NUMEROS (NUM_VALOR) values (79);
Insert into BDATOS.TABLA_NUMEROS (NUM_VALOR) values (81);
Insert into BDATOS.TABLA_NUMEROS (NUM_VALOR) values (83);
Insert into BDATOS.TABLA_NUMEROS (NUM_VALOR) values (85);
Insert into BDATOS.TABLA_NUMEROS (NUM_VALOR) values (87);
Insert into BDATOS.TABLA_NUMEROS (NUM_VALOR) values (89);
Insert into BDATOS.TABLA_NUMEROS (NUM_VALOR) values (91);
Insert into BDATOS.TABLA_NUMEROS (NUM_VALOR) values (93);
Insert into BDATOS.TABLA_NUMEROS (NUM_VALOR) values (95);
Insert into BDATOS.TABLA_NUMEROS (NUM_VALOR) values (97);
Insert into BDATOS.TABLA_NUMEROS (NUM_VALOR) values (99);
Insert into BDATOS.TABLA_NUMEROS (NUM_VALOR) values (1);
Insert into BDATOS.TABLA_NUMEROS (NUM_VALOR) values (3);
Insert into BDATOS.TABLA_NUMEROS (NUM_VALOR) values (5);
Insert into BDATOS.TABLA_NUMEROS (NUM_VALOR) values (7);
Insert into BDATOS.TABLA_NUMEROS (NUM_VALOR) values (9);
Insert into BDATOS.TABLA_NUMEROS (NUM_VALOR) values (11);
Insert into BDATOS.TABLA_NUMEROS (NUM_VALOR) values (13);
Insert into BDATOS.TABLA_NUMEROS (NUM_VALOR) values (15);
Insert into BDATOS.TABLA_NUMEROS (NUM_VALOR) values (17);
Insert into BDATOS.TABLA_NUMEROS (NUM_VALOR) values (19);
Insert into BDATOS.TABLA_NUMEROS (NUM_VALOR) values (21);
Insert into BDATOS.TABLA_NUMEROS (NUM_VALOR) values (25);
Insert into BDATOS.TABLA_NUMEROS (NUM_VALOR) values (27);
Insert into BDATOS.TABLA_NUMEROS (NUM_VALOR) values (29);
Insert into BDATOS.TABLA_NUMEROS (NUM_VALOR) values (31);
Insert into BDATOS.TABLA_NUMEROS (NUM_VALOR) values (33);
Insert into BDATOS.TABLA_NUMEROS (NUM_VALOR) values (35);
Insert into BDATOS.TABLA_NUMEROS (NUM_VALOR) values (37);
Insert into BDATOS.TABLA_NUMEROS (NUM_VALOR) values (39);
Insert into BDATOS.TABLA_NUMEROS (NUM_VALOR) values (41);
Insert into BDATOS.TABLA_NUMEROS (NUM_VALOR) values (43);
Insert into BDATOS.TABLA_NUMEROS (NUM_VALOR) values (45);
Insert into BDATOS.TABLA_NUMEROS (NUM_VALOR) values (47);
Insert into BDATOS.TABLA_NUMEROS (NUM_VALOR) values (49);
Insert into BDATOS.TABLA_NUMEROS (NUM_VALOR) values (51);
Insert into BDATOS.TABLA_NUMEROS (NUM_VALOR) values (53);
Insert into BDATOS.TABLA_NUMEROS (NUM_VALOR) values (55);
Insert into BDATOS.TABLA_NUMEROS (NUM_VALOR) values (59);
Insert into BDATOS.TABLA_NUMEROS (NUM_VALOR) values (61);
Insert into BDATOS.TABLA_NUMEROS (NUM_VALOR) values (63);
Insert into BDATOS.TABLA_NUMEROS (NUM_VALOR) values (65);
Insert into BDATOS.TABLA_NUMEROS (NUM_VALOR) values (67);
Insert into BDATOS.TABLA_NUMEROS (NUM_VALOR) values (69);
Insert into BDATOS.TABLA_NUMEROS (NUM_VALOR) values (71);
Insert into BDATOS.TABLA_NUMEROS (NUM_VALOR) values (73);
Insert into BDATOS.TABLA_NUMEROS (NUM_VALOR) values (75);
Insert into BDATOS.TABLA_NUMEROS (NUM_VALOR) values (77);
Insert into BDATOS.TABLA_NUMEROS (NUM_VALOR) values (79);
Insert into BDATOS.TABLA_NUMEROS (NUM_VALOR) values (81);
Insert into BDATOS.TABLA_NUMEROS (NUM_VALOR) values (83);
Insert into BDATOS.TABLA_NUMEROS (NUM_VALOR) values (85);
Insert into BDATOS.TABLA_NUMEROS (NUM_VALOR) values (87);
Insert into BDATOS.TABLA_NUMEROS (NUM_VALOR) values (89);
Insert into BDATOS.TABLA_NUMEROS (NUM_VALOR) values (91);
Insert into BDATOS.TABLA_NUMEROS (NUM_VALOR) values (93);
Insert into BDATOS.TABLA_NUMEROS (NUM_VALOR) values (95);
Insert into BDATOS.TABLA_NUMEROS (NUM_VALOR) values (97);
Insert into BDATOS.TABLA_NUMEROS (NUM_VALOR) values (99);
Insert into BDATOS.TABLA_NUMEROS (NUM_VALOR) values (1);
Insert into BDATOS.TABLA_NUMEROS (NUM_VALOR) values (3);
Insert into BDATOS.TABLA_NUMEROS (NUM_VALOR) values (5);
Insert into BDATOS.TABLA_NUMEROS (NUM_VALOR) values (7);
Insert into BDATOS.TABLA_NUMEROS (NUM_VALOR) values (9);
Insert into BDATOS.TABLA_NUMEROS (NUM_VALOR) values (11);
Insert into BDATOS.TABLA_NUMEROS (NUM_VALOR) values (13);
Insert into BDATOS.TABLA_NUMEROS (NUM_VALOR) values (15);
Insert into BDATOS.TABLA_NUMEROS (NUM_VALOR) values (17);
Insert into BDATOS.TABLA_NUMEROS (NUM_VALOR) values (19);
Insert into BDATOS.TABLA_NUMEROS (NUM_VALOR) values (21);
Insert into BDATOS.TABLA_NUMEROS (NUM_VALOR) values (25);
Insert into BDATOS.TABLA_NUMEROS (NUM_VALOR) values (27);
Insert into BDATOS.TABLA_NUMEROS (NUM_VALOR) values (29);
Insert into BDATOS.TABLA_NUMEROS (NUM_VALOR) values (31);
Insert into BDATOS.TABLA_NUMEROS (NUM_VALOR) values (33);
Insert into BDATOS.TABLA_NUMEROS (NUM_VALOR) values (35);
Insert into BDATOS.TABLA_NUMEROS (NUM_VALOR) values (37);
Insert into BDATOS.TABLA_NUMEROS (NUM_VALOR) values (39);
Insert into BDATOS.TABLA_NUMEROS (NUM_VALOR) values (41);
Insert into BDATOS.TABLA_NUMEROS (NUM_VALOR) values (43);
Insert into BDATOS.TABLA_NUMEROS (NUM_VALOR) values (45);
Insert into BDATOS.TABLA_NUMEROS (NUM_VALOR) values (47);
Insert into BDATOS.TABLA_NUMEROS (NUM_VALOR) values (49);
Insert into BDATOS.TABLA_NUMEROS (NUM_VALOR) values (51);
Insert into BDATOS.TABLA_NUMEROS (NUM_VALOR) values (53);
Insert into BDATOS.TABLA_NUMEROS (NUM_VALOR) values (55);
Insert into BDATOS.TABLA_NUMEROS (NUM_VALOR) values (59);
Insert into BDATOS.TABLA_NUMEROS (NUM_VALOR) values (61);
Insert into BDATOS.TABLA_NUMEROS (NUM_VALOR) values (63);
Insert into BDATOS.TABLA_NUMEROS (NUM_VALOR) values (65);
Insert into BDATOS.TABLA_NUMEROS (NUM_VALOR) values (67);
Insert into BDATOS.TABLA_NUMEROS (NUM_VALOR) values (69);
Insert into BDATOS.TABLA_NUMEROS (NUM_VALOR) values (71);
Insert into BDATOS.TABLA_NUMEROS (NUM_VALOR) values (73);
Insert into BDATOS.TABLA_NUMEROS (NUM_VALOR) values (75);
Insert into BDATOS.TABLA_NUMEROS (NUM_VALOR) values (77);
Insert into BDATOS.TABLA_NUMEROS (NUM_VALOR) values (79);
Insert into BDATOS.TABLA_NUMEROS (NUM_VALOR) values (81);
Insert into BDATOS.TABLA_NUMEROS (NUM_VALOR) values (83);
Insert into BDATOS.TABLA_NUMEROS (NUM_VALOR) values (85);
Insert into BDATOS.TABLA_NUMEROS (NUM_VALOR) values (87);
Insert into BDATOS.TABLA_NUMEROS (NUM_VALOR) values (89);
Insert into BDATOS.TABLA_NUMEROS (NUM_VALOR) values (91);
Insert into BDATOS.TABLA_NUMEROS (NUM_VALOR) values (93);
Insert into BDATOS.TABLA_NUMEROS (NUM_VALOR) values (95);
Insert into BDATOS.TABLA_NUMEROS (NUM_VALOR) values (97);
Insert into BDATOS.TABLA_NUMEROS (NUM_VALOR) values (99);
Insert into BDATOS.TABLA_NUMEROS (NUM_VALOR) values (1);
Insert into BDATOS.TABLA_NUMEROS (NUM_VALOR) values (3);
Insert into BDATOS.TABLA_NUMEROS (NUM_VALOR) values (5);
Insert into BDATOS.TABLA_NUMEROS (NUM_VALOR) values (7);
Insert into BDATOS.TABLA_NUMEROS (NUM_VALOR) values (9);
Insert into BDATOS.TABLA_NUMEROS (NUM_VALOR) values (11);
Insert into BDATOS.TABLA_NUMEROS (NUM_VALOR) values (13);
Insert into BDATOS.TABLA_NUMEROS (NUM_VALOR) values (15);
Insert into BDATOS.TABLA_NUMEROS (NUM_VALOR) values (17);
Insert into BDATOS.TABLA_NUMEROS (NUM_VALOR) values (19);
Insert into BDATOS.TABLA_NUMEROS (NUM_VALOR) values (21);
Insert into BDATOS.TABLA_NUMEROS (NUM_VALOR) values (25);
Insert into BDATOS.TABLA_NUMEROS (NUM_VALOR) values (27);
Insert into BDATOS.TABLA_NUMEROS (NUM_VALOR) values (29);
Insert into BDATOS.TABLA_NUMEROS (NUM_VALOR) values (31);
Insert into BDATOS.TABLA_NUMEROS (NUM_VALOR) values (33);
Insert into BDATOS.TABLA_NUMEROS (NUM_VALOR) values (35);
Insert into BDATOS.TABLA_NUMEROS (NUM_VALOR) values (37);
Insert into BDATOS.TABLA_NUMEROS (NUM_VALOR) values (39);
Insert into BDATOS.TABLA_NUMEROS (NUM_VALOR) values (41);
Insert into BDATOS.TABLA_NUMEROS (NUM_VALOR) values (43);
Insert into BDATOS.TABLA_NUMEROS (NUM_VALOR) values (45);
Insert into BDATOS.TABLA_NUMEROS (NUM_VALOR) values (47);
Insert into BDATOS.TABLA_NUMEROS (NUM_VALOR) values (49);
Insert into BDATOS.TABLA_NUMEROS (NUM_VALOR) values (51);
Insert into BDATOS.TABLA_NUMEROS (NUM_VALOR) values (53);
Insert into BDATOS.TABLA_NUMEROS (NUM_VALOR) values (55);
Insert into BDATOS.TABLA_NUMEROS (NUM_VALOR) values (59);
Insert into BDATOS.TABLA_NUMEROS (NUM_VALOR) values (61);
Insert into BDATOS.TABLA_NUMEROS (NUM_VALOR) values (63);
Insert into BDATOS.TABLA_NUMEROS (NUM_VALOR) values (65);
Insert into BDATOS.TABLA_NUMEROS (NUM_VALOR) values (67);
Insert into BDATOS.TABLA_NUMEROS (NUM_VALOR) values (69);
Insert into BDATOS.TABLA_NUMEROS (NUM_VALOR) values (71);
Insert into BDATOS.TABLA_NUMEROS (NUM_VALOR) values (73);
Insert into BDATOS.TABLA_NUMEROS (NUM_VALOR) values (75);
Insert into BDATOS.TABLA_NUMEROS (NUM_VALOR) values (77);
Insert into BDATOS.TABLA_NUMEROS (NUM_VALOR) values (79);
Insert into BDATOS.TABLA_NUMEROS (NUM_VALOR) values (81);
Insert into BDATOS.TABLA_NUMEROS (NUM_VALOR) values (83);
Insert into BDATOS.TABLA_NUMEROS (NUM_VALOR) values (85);
Insert into BDATOS.TABLA_NUMEROS (NUM_VALOR) values (87);
Insert into BDATOS.TABLA_NUMEROS (NUM_VALOR) values (89);
Insert into BDATOS.TABLA_NUMEROS (NUM_VALOR) values (91);
Insert into BDATOS.TABLA_NUMEROS (NUM_VALOR) values (93);
Insert into BDATOS.TABLA_NUMEROS (NUM_VALOR) values (95);
Insert into BDATOS.TABLA_NUMEROS (NUM_VALOR) values (97);
Insert into BDATOS.TABLA_NUMEROS (NUM_VALOR) values (99);
Insert into BDATOS.TABLA_NUMEROS (NUM_VALOR) values (1);
Insert into BDATOS.TABLA_NUMEROS (NUM_VALOR) values (3);
Insert into BDATOS.TABLA_NUMEROS (NUM_VALOR) values (5);
Insert into BDATOS.TABLA_NUMEROS (NUM_VALOR) values (7);
Insert into BDATOS.TABLA_NUMEROS (NUM_VALOR) values (9);
Insert into BDATOS.TABLA_NUMEROS (NUM_VALOR) values (11);
Insert into BDATOS.TABLA_NUMEROS (NUM_VALOR) values (13);
Insert into BDATOS.TABLA_NUMEROS (NUM_VALOR) values (15);
Insert into BDATOS.TABLA_NUMEROS (NUM_VALOR) values (17);
Insert into BDATOS.TABLA_NUMEROS (NUM_VALOR) values (19);
Insert into BDATOS.TABLA_NUMEROS (NUM_VALOR) values (21);
Insert into BDATOS.TABLA_NUMEROS (NUM_VALOR) values (25);
Insert into BDATOS.TABLA_NUMEROS (NUM_VALOR) values (27);
Insert into BDATOS.TABLA_NUMEROS (NUM_VALOR) values (29);
Insert into BDATOS.TABLA_NUMEROS (NUM_VALOR) values (31);
Insert into BDATOS.TABLA_NUMEROS (NUM_VALOR) values (33);
Insert into BDATOS.TABLA_NUMEROS (NUM_VALOR) values (35);
Insert into BDATOS.TABLA_NUMEROS (NUM_VALOR) values (37);
Insert into BDATOS.TABLA_NUMEROS (NUM_VALOR) values (39);
Insert into BDATOS.TABLA_NUMEROS (NUM_VALOR) values (41);
Insert into BDATOS.TABLA_NUMEROS (NUM_VALOR) values (43);
Insert into BDATOS.TABLA_NUMEROS (NUM_VALOR) values (45);
Insert into BDATOS.TABLA_NUMEROS (NUM_VALOR) values (47);
Insert into BDATOS.TABLA_NUMEROS (NUM_VALOR) values (49);
Insert into BDATOS.TABLA_NUMEROS (NUM_VALOR) values (51);
Insert into BDATOS.TABLA_NUMEROS (NUM_VALOR) values (53);
Insert into BDATOS.TABLA_NUMEROS (NUM_VALOR) values (55);
Insert into BDATOS.TABLA_NUMEROS (NUM_VALOR) values (59);
Insert into BDATOS.TABLA_NUMEROS (NUM_VALOR) values (61);
Insert into BDATOS.TABLA_NUMEROS (NUM_VALOR) values (63);
Insert into BDATOS.TABLA_NUMEROS (NUM_VALOR) values (65);
Insert into BDATOS.TABLA_NUMEROS (NUM_VALOR) values (67);
Insert into BDATOS.TABLA_NUMEROS (NUM_VALOR) values (69);
Insert into BDATOS.TABLA_NUMEROS (NUM_VALOR) values (71);
Insert into BDATOS.TABLA_NUMEROS (NUM_VALOR) values (73);
Insert into BDATOS.TABLA_NUMEROS (NUM_VALOR) values (75);
Insert into BDATOS.TABLA_NUMEROS (NUM_VALOR) values (77);
Insert into BDATOS.TABLA_NUMEROS (NUM_VALOR) values (79);
Insert into BDATOS.TABLA_NUMEROS (NUM_VALOR) values (81);
Insert into BDATOS.TABLA_NUMEROS (NUM_VALOR) values (83);
Insert into BDATOS.TABLA_NUMEROS (NUM_VALOR) values (85);
Insert into BDATOS.TABLA_NUMEROS (NUM_VALOR) values (87);
Insert into BDATOS.TABLA_NUMEROS (NUM_VALOR) values (89);
Insert into BDATOS.TABLA_NUMEROS (NUM_VALOR) values (91);
Insert into BDATOS.TABLA_NUMEROS (NUM_VALOR) values (93);
Insert into BDATOS.TABLA_NUMEROS (NUM_VALOR) values (95);
Insert into BDATOS.TABLA_NUMEROS (NUM_VALOR) values (97);
Insert into BDATOS.TABLA_NUMEROS (NUM_VALOR) values (99);
REM INSERTING into BDATOS.FACULTAD
Insert into BDATOS.FACULTAD (FAC_COD,FAC_NOMBRE,FAC_PRESUP) values ('FCIE','Facultad de Ciencia',300000000);
Insert into BDATOS.FACULTAD (FAC_COD,FAC_NOMBRE,FAC_PRESUP) values ('FAHU','Facultad de Humanidades ',650000000);
Insert into BDATOS.FACULTAD (FAC_COD,FAC_NOMBRE,FAC_PRESUP) values ('FING','Facultad de Ingenieria',950000000);
Insert into BDATOS.FACULTAD (FAC_COD,FAC_NOMBRE,FAC_PRESUP) values ('FMED','Facultad de Medicina',1250000000);
Insert into BDATOS.FACULTAD (FAC_COD,FAC_NOMBRE,FAC_PRESUP) values ('FAOD','Facultad de Odontologia',1120000000);
Insert into BDATOS.FACULTAD (FAC_COD,FAC_NOMBRE,FAC_PRESUP) values ('FACO','Facultad de Comunicaciones',540000000);
REM INSERTING into BDATOS.DEPARTAMENTO
Insert into BDATOS.DEPARTAMENTO (DEP_COD,DEP_NOMBRE,DEP_FAC) values ('DMCC','Departamento de Matemática y Ciencia de la Computación','FCIE');
Insert into BDATOS.DEPARTAMENTO (DEP_COD,DEP_NOMBRE,DEP_FAC) values ('DHIS','Departamento de Historia','FAHU');
Insert into BDATOS.DEPARTAMENTO (DEP_COD,DEP_NOMBRE,DEP_FAC) values ('DOBT','Departamento de Obstetricia','FMED');
Insert into BDATOS.DEPARTAMENTO (DEP_COD,DEP_NOMBRE,DEP_FAC) values ('DMEC','Departamento de Mecanica','FING');
Insert into BDATOS.DEPARTAMENTO (DEP_COD,DEP_NOMBRE,DEP_FAC) values ('DODN','Departamento de Odontologia','FAOD');
Insert into BDATOS.DEPARTAMENTO (DEP_COD,DEP_NOMBRE,DEP_FAC) values ('DEPD','Departamento de Periodismo','FACO');
REM INSERTING into BDATOS.APEX$_ACL
REM INSERTING into BDATOS.APEX$_WS_FILES
REM INSERTING into BDATOS.APEX$_WS_HISTORY
REM INSERTING into BDATOS.APEX$_WS_LINKS
REM INSERTING into BDATOS.APEX$_WS_NOTES
REM INSERTING into BDATOS.APEX$_WS_ROWS
REM INSERTING into BDATOS.APEX$_WS_TAGS
REM INSERTING into BDATOS.APEX$_WS_WEBPG_SECTION_HISTORY
REM INSERTING into BDATOS.APEX$_WS_WEBPG_SECTIONS
REM INSERTING into BDATOS.DEMO_CUSTOMERS
Insert into BDATOS.DEMO_CUSTOMERS (CUSTOMER_ID,CUST_FIRST_NAME,CUST_LAST_NAME,CUST_STREET_ADDRESS1,CUST_STREET_ADDRESS2,CUST_CITY,CUST_STATE,CUST_POSTAL_CODE,PHONE_NUMBER1,PHONE_NUMBER2,CREDIT_LIMIT,CUST_EMAIL) values (1,'John','Dulles','45020 Aviation Drive',null,'Sterling','VA','20166','703-555-2143',null,1000,null);
Insert into BDATOS.DEMO_CUSTOMERS (CUSTOMER_ID,CUST_FIRST_NAME,CUST_LAST_NAME,CUST_STREET_ADDRESS1,CUST_STREET_ADDRESS2,CUST_CITY,CUST_STATE,CUST_POSTAL_CODE,PHONE_NUMBER1,PHONE_NUMBER2,CREDIT_LIMIT,CUST_EMAIL) values (2,'William','Hartsfield','6000 North Terminal Parkway',null,'Atlanta','GA','30320','404-555-3285',null,1000,null);
Insert into BDATOS.DEMO_CUSTOMERS (CUSTOMER_ID,CUST_FIRST_NAME,CUST_LAST_NAME,CUST_STREET_ADDRESS1,CUST_STREET_ADDRESS2,CUST_CITY,CUST_STATE,CUST_POSTAL_CODE,PHONE_NUMBER1,PHONE_NUMBER2,CREDIT_LIMIT,CUST_EMAIL) values (3,'Edward','Logan','1 Harborside Drive',null,'East Boston','MA','02128','617-555-3295',null,1000,null);
Insert into BDATOS.DEMO_CUSTOMERS (CUSTOMER_ID,CUST_FIRST_NAME,CUST_LAST_NAME,CUST_STREET_ADDRESS1,CUST_STREET_ADDRESS2,CUST_CITY,CUST_STATE,CUST_POSTAL_CODE,PHONE_NUMBER1,PHONE_NUMBER2,CREDIT_LIMIT,CUST_EMAIL) values (4,'Edward "Butch"','OHare','10000 West OHare',null,'Chicago','IL','60666','773-555-7693',null,1000,null);
Insert into BDATOS.DEMO_CUSTOMERS (CUSTOMER_ID,CUST_FIRST_NAME,CUST_LAST_NAME,CUST_STREET_ADDRESS1,CUST_STREET_ADDRESS2,CUST_CITY,CUST_STATE,CUST_POSTAL_CODE,PHONE_NUMBER1,PHONE_NUMBER2,CREDIT_LIMIT,CUST_EMAIL) values (5,'Fiorello','LaGuardia','Hangar Center','Third Floor','Flushing','NY','11371','212-555-3923',null,1000,null);
Insert into BDATOS.DEMO_CUSTOMERS (CUSTOMER_ID,CUST_FIRST_NAME,CUST_LAST_NAME,CUST_STREET_ADDRESS1,CUST_STREET_ADDRESS2,CUST_CITY,CUST_STATE,CUST_POSTAL_CODE,PHONE_NUMBER1,PHONE_NUMBER2,CREDIT_LIMIT,CUST_EMAIL) values (6,'Albert','Lambert','10701 Lambert International Blvd.',null,'St. Louis','MO','63145','314-555-4022',null,1000,null);
Insert into BDATOS.DEMO_CUSTOMERS (CUSTOMER_ID,CUST_FIRST_NAME,CUST_LAST_NAME,CUST_STREET_ADDRESS1,CUST_STREET_ADDRESS2,CUST_CITY,CUST_STATE,CUST_POSTAL_CODE,PHONE_NUMBER1,PHONE_NUMBER2,CREDIT_LIMIT,CUST_EMAIL) values (7,'Eugene','Bradley','Schoephoester Road',null,'Windsor Locks','CT','06096','860-555-1835',null,1000,null);
REM INSERTING into BDATOS.DEMO_ORDER_ITEMS
Insert into BDATOS.DEMO_ORDER_ITEMS (ORDER_ITEM_ID,ORDER_ID,PRODUCT_ID,UNIT_PRICE,QUANTITY) values (1,1,1,50,10);
Insert into BDATOS.DEMO_ORDER_ITEMS (ORDER_ITEM_ID,ORDER_ID,PRODUCT_ID,UNIT_PRICE,QUANTITY) values (2,1,2,80,8);
Insert into BDATOS.DEMO_ORDER_ITEMS (ORDER_ITEM_ID,ORDER_ID,PRODUCT_ID,UNIT_PRICE,QUANTITY) values (3,1,3,150,5);
Insert into BDATOS.DEMO_ORDER_ITEMS (ORDER_ITEM_ID,ORDER_ID,PRODUCT_ID,UNIT_PRICE,QUANTITY) values (4,2,1,50,3);
Insert into BDATOS.DEMO_ORDER_ITEMS (ORDER_ITEM_ID,ORDER_ID,PRODUCT_ID,UNIT_PRICE,QUANTITY) values (5,2,2,80,3);
Insert into BDATOS.DEMO_ORDER_ITEMS (ORDER_ITEM_ID,ORDER_ID,PRODUCT_ID,UNIT_PRICE,QUANTITY) values (6,2,3,150,3);
Insert into BDATOS.DEMO_ORDER_ITEMS (ORDER_ITEM_ID,ORDER_ID,PRODUCT_ID,UNIT_PRICE,QUANTITY) values (7,2,4,60,3);
Insert into BDATOS.DEMO_ORDER_ITEMS (ORDER_ITEM_ID,ORDER_ID,PRODUCT_ID,UNIT_PRICE,QUANTITY) values (8,2,5,80,3);
Insert into BDATOS.DEMO_ORDER_ITEMS (ORDER_ITEM_ID,ORDER_ID,PRODUCT_ID,UNIT_PRICE,QUANTITY) values (9,2,6,120,2);
Insert into BDATOS.DEMO_ORDER_ITEMS (ORDER_ITEM_ID,ORDER_ID,PRODUCT_ID,UNIT_PRICE,QUANTITY) values (10,2,7,30,2);
Insert into BDATOS.DEMO_ORDER_ITEMS (ORDER_ITEM_ID,ORDER_ID,PRODUCT_ID,UNIT_PRICE,QUANTITY) values (11,2,8,125,4);
Insert into BDATOS.DEMO_ORDER_ITEMS (ORDER_ITEM_ID,ORDER_ID,PRODUCT_ID,UNIT_PRICE,QUANTITY) values (12,2,9,110,2);
Insert into BDATOS.DEMO_ORDER_ITEMS (ORDER_ITEM_ID,ORDER_ID,PRODUCT_ID,UNIT_PRICE,QUANTITY) values (13,2,10,50,2);
Insert into BDATOS.DEMO_ORDER_ITEMS (ORDER_ITEM_ID,ORDER_ID,PRODUCT_ID,UNIT_PRICE,QUANTITY) values (14,3,4,60,4);
Insert into BDATOS.DEMO_ORDER_ITEMS (ORDER_ITEM_ID,ORDER_ID,PRODUCT_ID,UNIT_PRICE,QUANTITY) values (15,3,5,80,4);
Insert into BDATOS.DEMO_ORDER_ITEMS (ORDER_ITEM_ID,ORDER_ID,PRODUCT_ID,UNIT_PRICE,QUANTITY) values (16,3,6,120,4);
Insert into BDATOS.DEMO_ORDER_ITEMS (ORDER_ITEM_ID,ORDER_ID,PRODUCT_ID,UNIT_PRICE,QUANTITY) values (17,3,8,125,4);
Insert into BDATOS.DEMO_ORDER_ITEMS (ORDER_ITEM_ID,ORDER_ID,PRODUCT_ID,UNIT_PRICE,QUANTITY) values (18,3,10,50,2);
Insert into BDATOS.DEMO_ORDER_ITEMS (ORDER_ITEM_ID,ORDER_ID,PRODUCT_ID,UNIT_PRICE,QUANTITY) values (19,4,6,120,2);
Insert into BDATOS.DEMO_ORDER_ITEMS (ORDER_ITEM_ID,ORDER_ID,PRODUCT_ID,UNIT_PRICE,QUANTITY) values (20,4,7,30,6);
Insert into BDATOS.DEMO_ORDER_ITEMS (ORDER_ITEM_ID,ORDER_ID,PRODUCT_ID,UNIT_PRICE,QUANTITY) values (21,4,8,125,2);
Insert into BDATOS.DEMO_ORDER_ITEMS (ORDER_ITEM_ID,ORDER_ID,PRODUCT_ID,UNIT_PRICE,QUANTITY) values (22,4,9,110,2);
Insert into BDATOS.DEMO_ORDER_ITEMS (ORDER_ITEM_ID,ORDER_ID,PRODUCT_ID,UNIT_PRICE,QUANTITY) values (23,4,10,50,4);
Insert into BDATOS.DEMO_ORDER_ITEMS (ORDER_ITEM_ID,ORDER_ID,PRODUCT_ID,UNIT_PRICE,QUANTITY) values (24,5,1,50,3);
Insert into BDATOS.DEMO_ORDER_ITEMS (ORDER_ITEM_ID,ORDER_ID,PRODUCT_ID,UNIT_PRICE,QUANTITY) values (25,5,2,80,2);
Insert into BDATOS.DEMO_ORDER_ITEMS (ORDER_ITEM_ID,ORDER_ID,PRODUCT_ID,UNIT_PRICE,QUANTITY) values (26,5,3,150,2);
Insert into BDATOS.DEMO_ORDER_ITEMS (ORDER_ITEM_ID,ORDER_ID,PRODUCT_ID,UNIT_PRICE,QUANTITY) values (27,5,4,60,3);
Insert into BDATOS.DEMO_ORDER_ITEMS (ORDER_ITEM_ID,ORDER_ID,PRODUCT_ID,UNIT_PRICE,QUANTITY) values (28,5,5,80,2);
Insert into BDATOS.DEMO_ORDER_ITEMS (ORDER_ITEM_ID,ORDER_ID,PRODUCT_ID,UNIT_PRICE,QUANTITY) values (29,6,3,150,3);
Insert into BDATOS.DEMO_ORDER_ITEMS (ORDER_ITEM_ID,ORDER_ID,PRODUCT_ID,UNIT_PRICE,QUANTITY) values (30,6,6,120,3);
Insert into BDATOS.DEMO_ORDER_ITEMS (ORDER_ITEM_ID,ORDER_ID,PRODUCT_ID,UNIT_PRICE,QUANTITY) values (31,6,8,125,3);
Insert into BDATOS.DEMO_ORDER_ITEMS (ORDER_ITEM_ID,ORDER_ID,PRODUCT_ID,UNIT_PRICE,QUANTITY) values (32,6,9,110,3);
Insert into BDATOS.DEMO_ORDER_ITEMS (ORDER_ITEM_ID,ORDER_ID,PRODUCT_ID,UNIT_PRICE,QUANTITY) values (33,7,1,50,2);
Insert into BDATOS.DEMO_ORDER_ITEMS (ORDER_ITEM_ID,ORDER_ID,PRODUCT_ID,UNIT_PRICE,QUANTITY) values (34,7,2,80,2);
Insert into BDATOS.DEMO_ORDER_ITEMS (ORDER_ITEM_ID,ORDER_ID,PRODUCT_ID,UNIT_PRICE,QUANTITY) values (35,7,4,60,2);
Insert into BDATOS.DEMO_ORDER_ITEMS (ORDER_ITEM_ID,ORDER_ID,PRODUCT_ID,UNIT_PRICE,QUANTITY) values (36,7,5,80,2);
Insert into BDATOS.DEMO_ORDER_ITEMS (ORDER_ITEM_ID,ORDER_ID,PRODUCT_ID,UNIT_PRICE,QUANTITY) values (37,7,7,30,3);
Insert into BDATOS.DEMO_ORDER_ITEMS (ORDER_ITEM_ID,ORDER_ID,PRODUCT_ID,UNIT_PRICE,QUANTITY) values (38,7,8,125,1);
Insert into BDATOS.DEMO_ORDER_ITEMS (ORDER_ITEM_ID,ORDER_ID,PRODUCT_ID,UNIT_PRICE,QUANTITY) values (39,7,10,50,3);
Insert into BDATOS.DEMO_ORDER_ITEMS (ORDER_ITEM_ID,ORDER_ID,PRODUCT_ID,UNIT_PRICE,QUANTITY) values (40,8,2,80,2);
Insert into BDATOS.DEMO_ORDER_ITEMS (ORDER_ITEM_ID,ORDER_ID,PRODUCT_ID,UNIT_PRICE,QUANTITY) values (41,8,3,150,3);
Insert into BDATOS.DEMO_ORDER_ITEMS (ORDER_ITEM_ID,ORDER_ID,PRODUCT_ID,UNIT_PRICE,QUANTITY) values (42,8,6,120,1);
Insert into BDATOS.DEMO_ORDER_ITEMS (ORDER_ITEM_ID,ORDER_ID,PRODUCT_ID,UNIT_PRICE,QUANTITY) values (43,8,9,110,3);
Insert into BDATOS.DEMO_ORDER_ITEMS (ORDER_ITEM_ID,ORDER_ID,PRODUCT_ID,UNIT_PRICE,QUANTITY) values (44,9,4,60,4);
Insert into BDATOS.DEMO_ORDER_ITEMS (ORDER_ITEM_ID,ORDER_ID,PRODUCT_ID,UNIT_PRICE,QUANTITY) values (45,9,5,80,3);
Insert into BDATOS.DEMO_ORDER_ITEMS (ORDER_ITEM_ID,ORDER_ID,PRODUCT_ID,UNIT_PRICE,QUANTITY) values (46,9,8,125,2);
Insert into BDATOS.DEMO_ORDER_ITEMS (ORDER_ITEM_ID,ORDER_ID,PRODUCT_ID,UNIT_PRICE,QUANTITY) values (47,10,1,50,5);
Insert into BDATOS.DEMO_ORDER_ITEMS (ORDER_ITEM_ID,ORDER_ID,PRODUCT_ID,UNIT_PRICE,QUANTITY) values (48,10,2,80,4);
Insert into BDATOS.DEMO_ORDER_ITEMS (ORDER_ITEM_ID,ORDER_ID,PRODUCT_ID,UNIT_PRICE,QUANTITY) values (49,10,3,150,2);
REM INSERTING into BDATOS.DEMO_ORDERS
Insert into BDATOS.DEMO_ORDERS (ORDER_ID,CUSTOMER_ID,ORDER_TOTAL,ORDER_TIMESTAMP,USER_ID) values (1,7,1890,to_date('04/11/15','DD/MM/RR'),2);
Insert into BDATOS.DEMO_ORDERS (ORDER_ID,CUSTOMER_ID,ORDER_TOTAL,ORDER_TIMESTAMP,USER_ID) values (2,1,2380,to_date('01/11/15','DD/MM/RR'),2);
Insert into BDATOS.DEMO_ORDERS (ORDER_ID,CUSTOMER_ID,ORDER_TOTAL,ORDER_TIMESTAMP,USER_ID) values (3,2,1640,to_date('26/10/15','DD/MM/RR'),2);
Insert into BDATOS.DEMO_ORDERS (ORDER_ID,CUSTOMER_ID,ORDER_TOTAL,ORDER_TIMESTAMP,USER_ID) values (4,5,1090,to_date('18/10/15','DD/MM/RR'),2);
Insert into BDATOS.DEMO_ORDERS (ORDER_ID,CUSTOMER_ID,ORDER_TOTAL,ORDER_TIMESTAMP,USER_ID) values (5,6,950,to_date('13/10/15','DD/MM/RR'),2);
Insert into BDATOS.DEMO_ORDERS (ORDER_ID,CUSTOMER_ID,ORDER_TOTAL,ORDER_TIMESTAMP,USER_ID) values (6,3,1515,to_date('08/10/15','DD/MM/RR'),2);
Insert into BDATOS.DEMO_ORDERS (ORDER_ID,CUSTOMER_ID,ORDER_TOTAL,ORDER_TIMESTAMP,USER_ID) values (7,3,905,to_date('28/09/15','DD/MM/RR'),2);
Insert into BDATOS.DEMO_ORDERS (ORDER_ID,CUSTOMER_ID,ORDER_TOTAL,ORDER_TIMESTAMP,USER_ID) values (8,4,1060,to_date('26/09/15','DD/MM/RR'),2);
Insert into BDATOS.DEMO_ORDERS (ORDER_ID,CUSTOMER_ID,ORDER_TOTAL,ORDER_TIMESTAMP,USER_ID) values (9,2,730,to_date('15/09/15','DD/MM/RR'),2);
Insert into BDATOS.DEMO_ORDERS (ORDER_ID,CUSTOMER_ID,ORDER_TOTAL,ORDER_TIMESTAMP,USER_ID) values (10,7,870,to_date('01/09/15','DD/MM/RR'),2);
REM INSERTING into BDATOS.DEMO_PRODUCT_INFO
Insert into BDATOS.DEMO_PRODUCT_INFO (PRODUCT_ID,PRODUCT_NAME,PRODUCT_DESCRIPTION,CATEGORY,PRODUCT_AVAIL,LIST_PRICE,MIMETYPE,FILENAME,IMAGE_LAST_UPDATE) values (9,'Mens Shoes','Leather upper and lower lace up shoes','Mens','Y',110,'image/jpeg','shoes.jpg',to_date('05/11/15','DD/MM/RR'));
Insert into BDATOS.DEMO_PRODUCT_INFO (PRODUCT_ID,PRODUCT_NAME,PRODUCT_DESCRIPTION,CATEGORY,PRODUCT_AVAIL,LIST_PRICE,MIMETYPE,FILENAME,IMAGE_LAST_UPDATE) values (10,'Wallet','Travel wallet suitable for men and women. Several compartments for credit cards, passports and cash','Accessories','Y',50,'image/jpeg','wallet.jpg',to_date('05/11/15','DD/MM/RR'));
Insert into BDATOS.DEMO_PRODUCT_INFO (PRODUCT_ID,PRODUCT_NAME,PRODUCT_DESCRIPTION,CATEGORY,PRODUCT_AVAIL,LIST_PRICE,MIMETYPE,FILENAME,IMAGE_LAST_UPDATE) values (1,'Business Shirt','Wrinkle-free cotton business shirt','Mens','Y',50,'image/jpeg','shirt.jpg',to_date('05/11/15','DD/MM/RR'));
Insert into BDATOS.DEMO_PRODUCT_INFO (PRODUCT_ID,PRODUCT_NAME,PRODUCT_DESCRIPTION,CATEGORY,PRODUCT_AVAIL,LIST_PRICE,MIMETYPE,FILENAME,IMAGE_LAST_UPDATE) values (2,'Trousers','Black trousers suitable for every business man','Mens','Y',80,'image/jpeg','pants.jpg',to_date('05/11/15','DD/MM/RR'));
Insert into BDATOS.DEMO_PRODUCT_INFO (PRODUCT_ID,PRODUCT_NAME,PRODUCT_DESCRIPTION,CATEGORY,PRODUCT_AVAIL,LIST_PRICE,MIMETYPE,FILENAME,IMAGE_LAST_UPDATE) values (3,'Jacket','Fully lined jacket which is both professional and extremely comfortable to wear','Mens','Y',150,'image/jpeg','jacket.jpg',to_date('05/11/15','DD/MM/RR'));
Insert into BDATOS.DEMO_PRODUCT_INFO (PRODUCT_ID,PRODUCT_NAME,PRODUCT_DESCRIPTION,CATEGORY,PRODUCT_AVAIL,LIST_PRICE,MIMETYPE,FILENAME,IMAGE_LAST_UPDATE) values (4,'Blouse','Silk blouse ideal for all business women','Womens','Y',60,'image/jpeg','blouse.jpg',to_date('05/11/15','DD/MM/RR'));
Insert into BDATOS.DEMO_PRODUCT_INFO (PRODUCT_ID,PRODUCT_NAME,PRODUCT_DESCRIPTION,CATEGORY,PRODUCT_AVAIL,LIST_PRICE,MIMETYPE,FILENAME,IMAGE_LAST_UPDATE) values (5,'Skirt','Wrinkle free skirt','Womens','Y',80,'image/jpeg','skirt.jpg',to_date('05/11/15','DD/MM/RR'));
Insert into BDATOS.DEMO_PRODUCT_INFO (PRODUCT_ID,PRODUCT_NAME,PRODUCT_DESCRIPTION,CATEGORY,PRODUCT_AVAIL,LIST_PRICE,MIMETYPE,FILENAME,IMAGE_LAST_UPDATE) values (6,'Ladies Shoes','Low heel and cushioned interior for comfort and style in simple yet elegant shoes','Womens','Y',120,'image/jpeg','heels.jpg',to_date('05/11/15','DD/MM/RR'));
Insert into BDATOS.DEMO_PRODUCT_INFO (PRODUCT_ID,PRODUCT_NAME,PRODUCT_DESCRIPTION,CATEGORY,PRODUCT_AVAIL,LIST_PRICE,MIMETYPE,FILENAME,IMAGE_LAST_UPDATE) values (7,'Belt','Leather belt','Accessories','Y',30,'image/jpeg','belt.jpg',to_date('05/11/15','DD/MM/RR'));
Insert into BDATOS.DEMO_PRODUCT_INFO (PRODUCT_ID,PRODUCT_NAME,PRODUCT_DESCRIPTION,CATEGORY,PRODUCT_AVAIL,LIST_PRICE,MIMETYPE,FILENAME,IMAGE_LAST_UPDATE) values (8,'Bag','Unisex bag suitable for carrying laptops with room for many additional items','Accessories','Y',125,'image/jpeg','bag.jpg',to_date('05/11/15','DD/MM/RR'));
REM INSERTING into BDATOS.DEMO_STATES
Insert into BDATOS.DEMO_STATES (ST,STATE_NAME) values ('AK','ALASKA');
Insert into BDATOS.DEMO_STATES (ST,STATE_NAME) values ('AL','ALABAMA');
Insert into BDATOS.DEMO_STATES (ST,STATE_NAME) values ('AR','ARKANSAS');
Insert into BDATOS.DEMO_STATES (ST,STATE_NAME) values ('AZ','ARIZONA');
Insert into BDATOS.DEMO_STATES (ST,STATE_NAME) values ('CA','CALIFORNIA');
Insert into BDATOS.DEMO_STATES (ST,STATE_NAME) values ('CO','COLORADO');
Insert into BDATOS.DEMO_STATES (ST,STATE_NAME) values ('CT','CONNECTICUT');
Insert into BDATOS.DEMO_STATES (ST,STATE_NAME) values ('DC','DISTRICT OF COLUMBIA');
Insert into BDATOS.DEMO_STATES (ST,STATE_NAME) values ('DE','DELAWARE');
Insert into BDATOS.DEMO_STATES (ST,STATE_NAME) values ('FL','FLORIDA');
Insert into BDATOS.DEMO_STATES (ST,STATE_NAME) values ('GA','GEORGIA');
Insert into BDATOS.DEMO_STATES (ST,STATE_NAME) values ('HI','HAWAII');
Insert into BDATOS.DEMO_STATES (ST,STATE_NAME) values ('IA','IOWA');
Insert into BDATOS.DEMO_STATES (ST,STATE_NAME) values ('ID','IDAHO');
Insert into BDATOS.DEMO_STATES (ST,STATE_NAME) values ('IL','ILLINOIS');
Insert into BDATOS.DEMO_STATES (ST,STATE_NAME) values ('IN','INDIANA');
Insert into BDATOS.DEMO_STATES (ST,STATE_NAME) values ('KS','KANSAS');
Insert into BDATOS.DEMO_STATES (ST,STATE_NAME) values ('KY','KENTUCKY');
Insert into BDATOS.DEMO_STATES (ST,STATE_NAME) values ('LA','LOUISIANA');
Insert into BDATOS.DEMO_STATES (ST,STATE_NAME) values ('MA','MASSACHUSETTS');
Insert into BDATOS.DEMO_STATES (ST,STATE_NAME) values ('MD','MARYLAND');
Insert into BDATOS.DEMO_STATES (ST,STATE_NAME) values ('ME','MAINE');
Insert into BDATOS.DEMO_STATES (ST,STATE_NAME) values ('MI','MICHIGAN');
Insert into BDATOS.DEMO_STATES (ST,STATE_NAME) values ('MN','MINNESOTA');
Insert into BDATOS.DEMO_STATES (ST,STATE_NAME) values ('MO','MISSOURI');
Insert into BDATOS.DEMO_STATES (ST,STATE_NAME) values ('MS','MISSISSIPPI');
Insert into BDATOS.DEMO_STATES (ST,STATE_NAME) values ('MT','MONTANA');
Insert into BDATOS.DEMO_STATES (ST,STATE_NAME) values ('NC','NORTH CAROLINA');
Insert into BDATOS.DEMO_STATES (ST,STATE_NAME) values ('ND','NORTH DAKOTA');
Insert into BDATOS.DEMO_STATES (ST,STATE_NAME) values ('NE','NEBRASKA');
Insert into BDATOS.DEMO_STATES (ST,STATE_NAME) values ('NH','NEW HAMPSHIRE');
Insert into BDATOS.DEMO_STATES (ST,STATE_NAME) values ('NJ','NEW JERSEY');
Insert into BDATOS.DEMO_STATES (ST,STATE_NAME) values ('NM','NEW MEXICO');
Insert into BDATOS.DEMO_STATES (ST,STATE_NAME) values ('NV','NEVADA');
Insert into BDATOS.DEMO_STATES (ST,STATE_NAME) values ('NY','NEW YORK');
Insert into BDATOS.DEMO_STATES (ST,STATE_NAME) values ('OH','OHIO');
Insert into BDATOS.DEMO_STATES (ST,STATE_NAME) values ('OK','OKLAHOMA');
Insert into BDATOS.DEMO_STATES (ST,STATE_NAME) values ('OR','OREGON');
Insert into BDATOS.DEMO_STATES (ST,STATE_NAME) values ('PA','PENNSYLVANIA');
Insert into BDATOS.DEMO_STATES (ST,STATE_NAME) values ('RI','RHODE ISLAND');
Insert into BDATOS.DEMO_STATES (ST,STATE_NAME) values ('SC','SOUTH CAROLINA');
Insert into BDATOS.DEMO_STATES (ST,STATE_NAME) values ('SD','SOUTH DAKOTA');
Insert into BDATOS.DEMO_STATES (ST,STATE_NAME) values ('TN','TENNESSEE');
Insert into BDATOS.DEMO_STATES (ST,STATE_NAME) values ('TX','TEXAS');
Insert into BDATOS.DEMO_STATES (ST,STATE_NAME) values ('UT','UTAH');
Insert into BDATOS.DEMO_STATES (ST,STATE_NAME) values ('VA','VIRGINIA');
Insert into BDATOS.DEMO_STATES (ST,STATE_NAME) values ('VT','VERMONT');
Insert into BDATOS.DEMO_STATES (ST,STATE_NAME) values ('WA','WASHINGTON');
Insert into BDATOS.DEMO_STATES (ST,STATE_NAME) values ('WI','WISCONSIN');
Insert into BDATOS.DEMO_STATES (ST,STATE_NAME) values ('WV','WEST VIRGINIA');
Insert into BDATOS.DEMO_STATES (ST,STATE_NAME) values ('WY','WYOMING');
REM INSERTING into BDATOS.DEMO_USERS
Insert into BDATOS.DEMO_USERS (USER_ID,USER_NAME,PASSWORD,CREATED_ON,QUOTA,PRODUCTS,EXPIRES_ON,ADMIN_USER) values (1,'ADMIN','E077C3D66A0318051EC3378A7029BF87',to_date('05/11/15','DD/MM/RR'),null,'Y',null,'Y');
Insert into BDATOS.DEMO_USERS (USER_ID,USER_NAME,PASSWORD,CREATED_ON,QUOTA,PRODUCTS,EXPIRES_ON,ADMIN_USER) values (2,'DEMO','C9CEB4625AF4C750BFD9603621C5DC76',to_date('05/11/15','DD/MM/RR'),15000,'Y',null,'N');
REM INSERTING into BDATOS.DEPT
Insert into BDATOS.DEPT (DEPTNO,DNAME,LOC) values (10,'ACCOUNTING','NEW YORK');
Insert into BDATOS.DEPT (DEPTNO,DNAME,LOC) values (20,'RESEARCH','DALLAS');
Insert into BDATOS.DEPT (DEPTNO,DNAME,LOC) values (30,'SALES','CHICAGO');
Insert into BDATOS.DEPT (DEPTNO,DNAME,LOC) values (40,'OPERATIONS','BOSTON');
REM INSERTING into BDATOS.EMP
Insert into BDATOS.EMP (EMPNO,ENAME,JOB,MGR,HIREDATE,SAL,COMM,DEPTNO) values (7839,'KING','PRESIDENT',null,to_date('17/11/81','DD/MM/RR'),5000,null,10);
Insert into BDATOS.EMP (EMPNO,ENAME,JOB,MGR,HIREDATE,SAL,COMM,DEPTNO) values (7698,'BLAKE','MANAGER',7839,to_date('01/05/81','DD/MM/RR'),2850,null,30);
Insert into BDATOS.EMP (EMPNO,ENAME,JOB,MGR,HIREDATE,SAL,COMM,DEPTNO) values (7782,'CLARK','MANAGER',7839,to_date('09/06/81','DD/MM/RR'),2450,null,10);
Insert into BDATOS.EMP (EMPNO,ENAME,JOB,MGR,HIREDATE,SAL,COMM,DEPTNO) values (7566,'JONES','MANAGER',7839,to_date('02/04/81','DD/MM/RR'),2975,null,20);
Insert into BDATOS.EMP (EMPNO,ENAME,JOB,MGR,HIREDATE,SAL,COMM,DEPTNO) values (7788,'SCOTT','ANALYST',7566,to_date('09/12/82','DD/MM/RR'),3000,null,20);
Insert into BDATOS.EMP (EMPNO,ENAME,JOB,MGR,HIREDATE,SAL,COMM,DEPTNO) values (7902,'FORD','ANALYST',7566,to_date('03/12/81','DD/MM/RR'),3000,null,20);
Insert into BDATOS.EMP (EMPNO,ENAME,JOB,MGR,HIREDATE,SAL,COMM,DEPTNO) values (7369,'SMITH','CLERK',7902,to_date('17/12/80','DD/MM/RR'),800,null,20);
Insert into BDATOS.EMP (EMPNO,ENAME,JOB,MGR,HIREDATE,SAL,COMM,DEPTNO) values (7499,'ALLEN','SALESMAN',7698,to_date('20/02/81','DD/MM/RR'),1600,300,30);
Insert into BDATOS.EMP (EMPNO,ENAME,JOB,MGR,HIREDATE,SAL,COMM,DEPTNO) values (7521,'WARD','SALESMAN',7698,to_date('22/02/81','DD/MM/RR'),1250,500,30);
Insert into BDATOS.EMP (EMPNO,ENAME,JOB,MGR,HIREDATE,SAL,COMM,DEPTNO) values (7654,'MARTIN','SALESMAN',7698,to_date('28/09/81','DD/MM/RR'),1250,1400,30);
Insert into BDATOS.EMP (EMPNO,ENAME,JOB,MGR,HIREDATE,SAL,COMM,DEPTNO) values (7844,'TURNER','SALESMAN',7698,to_date('08/09/81','DD/MM/RR'),1500,0,30);
Insert into BDATOS.EMP (EMPNO,ENAME,JOB,MGR,HIREDATE,SAL,COMM,DEPTNO) values (7876,'ADAMS','CLERK',7788,to_date('12/01/83','DD/MM/RR'),1100,null,20);
Insert into BDATOS.EMP (EMPNO,ENAME,JOB,MGR,HIREDATE,SAL,COMM,DEPTNO) values (7900,'JAMES','CLERK',7698,to_date('03/12/81','DD/MM/RR'),950,null,30);
Insert into BDATOS.EMP (EMPNO,ENAME,JOB,MGR,HIREDATE,SAL,COMM,DEPTNO) values (7934,'MILLER','CLERK',7782,to_date('23/01/82','DD/MM/RR'),1300,null,10);
--------------------------------------------------------
--  DDL for Index ALU_CAR_PK
--------------------------------------------------------

  CREATE UNIQUE INDEX "BDATOS"."ALU_CAR_PK" ON "BDATOS"."ALU_CAR" ("ACA_RUN", "ACA_CAR") 
  PCTFREE 10 INITRANS 2 MAXTRANS 255 COMPUTE STATISTICS 
  STORAGE(INITIAL 65536 NEXT 1048576 MINEXTENTS 1 MAXEXTENTS 2147483645
  PCTINCREASE 0 FREELISTS 1 FREELIST GROUPS 1 BUFFER_POOL DEFAULT FLASH_CACHE DEFAULT CELL_FLASH_CACHE DEFAULT)
  TABLESPACE "USERS" ;
--------------------------------------------------------
--  DDL for Index ALUMNO_PK
--------------------------------------------------------

  CREATE UNIQUE INDEX "BDATOS"."ALUMNO_PK" ON "BDATOS"."ALUMNO" ("ALU_RUN") 
  PCTFREE 10 INITRANS 2 MAXTRANS 255 COMPUTE STATISTICS 
  STORAGE(INITIAL 65536 NEXT 1048576 MINEXTENTS 1 MAXEXTENTS 2147483645
  PCTINCREASE 0 FREELISTS 1 FREELIST GROUPS 1 BUFFER_POOL DEFAULT FLASH_CACHE DEFAULT CELL_FLASH_CACHE DEFAULT)
  TABLESPACE "USERS" ;
--------------------------------------------------------
--  DDL for Index CARRERA_PK
--------------------------------------------------------

  CREATE UNIQUE INDEX "BDATOS"."CARRERA_PK" ON "BDATOS"."CARRERA" ("CAR_COD") 
  PCTFREE 10 INITRANS 2 MAXTRANS 255 COMPUTE STATISTICS 
  STORAGE(INITIAL 65536 NEXT 1048576 MINEXTENTS 1 MAXEXTENTS 2147483645
  PCTINCREASE 0 FREELISTS 1 FREELIST GROUPS 1 BUFFER_POOL DEFAULT FLASH_CACHE DEFAULT CELL_FLASH_CACHE DEFAULT)
  TABLESPACE "USERS" ;
--------------------------------------------------------
--  DDL for Index FACULTAD_PK
--------------------------------------------------------

  CREATE UNIQUE INDEX "BDATOS"."FACULTAD_PK" ON "BDATOS"."FACULTAD" ("FAC_COD") 
  PCTFREE 10 INITRANS 2 MAXTRANS 255 COMPUTE STATISTICS 
  STORAGE(INITIAL 65536 NEXT 1048576 MINEXTENTS 1 MAXEXTENTS 2147483645
  PCTINCREASE 0 FREELISTS 1 FREELIST GROUPS 1 BUFFER_POOL DEFAULT FLASH_CACHE DEFAULT CELL_FLASH_CACHE DEFAULT)
  TABLESPACE "USERS" ;
--------------------------------------------------------
--  DDL for Index DEPARTAMENTO_PK
--------------------------------------------------------

  CREATE UNIQUE INDEX "BDATOS"."DEPARTAMENTO_PK" ON "BDATOS"."DEPARTAMENTO" ("DEP_COD") 
  PCTFREE 10 INITRANS 2 MAXTRANS 255 COMPUTE STATISTICS 
  STORAGE(INITIAL 65536 NEXT 1048576 MINEXTENTS 1 MAXEXTENTS 2147483645
  PCTINCREASE 0 FREELISTS 1 FREELIST GROUPS 1 BUFFER_POOL DEFAULT FLASH_CACHE DEFAULT CELL_FLASH_CACHE DEFAULT)
  TABLESPACE "USERS" ;
--------------------------------------------------------
--  Constraints for Table ALU_CAR
--------------------------------------------------------

  ALTER TABLE "BDATOS"."ALU_CAR" ADD CONSTRAINT "ALU_CAR" PRIMARY KEY ("ACA_RUN", "ACA_CAR")
  USING INDEX PCTFREE 10 INITRANS 2 MAXTRANS 255 COMPUTE STATISTICS 
  STORAGE(INITIAL 65536 NEXT 1048576 MINEXTENTS 1 MAXEXTENTS 2147483645
  PCTINCREASE 0 FREELISTS 1 FREELIST GROUPS 1 BUFFER_POOL DEFAULT FLASH_CACHE DEFAULT CELL_FLASH_CACHE DEFAULT)
  TABLESPACE "USERS"  ENABLE;
  ALTER TABLE "BDATOS"."ALU_CAR" MODIFY ("ACA_FECHA" NOT NULL ENABLE);
  ALTER TABLE "BDATOS"."ALU_CAR" MODIFY ("ACA_SEM" NOT NULL ENABLE);
  ALTER TABLE "BDATOS"."ALU_CAR" MODIFY ("ACA_AGNO" NOT NULL ENABLE);
  ALTER TABLE "BDATOS"."ALU_CAR" MODIFY ("ACA_CAR" NOT NULL ENABLE);
  ALTER TABLE "BDATOS"."ALU_CAR" MODIFY ("ACA_RUN" NOT NULL ENABLE);
--------------------------------------------------------
--  Constraints for Table ALUMNO
--------------------------------------------------------

  ALTER TABLE "BDATOS"."ALUMNO" ADD CONSTRAINT "ALUMNO_PK" PRIMARY KEY ("ALU_RUN")
  USING INDEX PCTFREE 10 INITRANS 2 MAXTRANS 255 COMPUTE STATISTICS 
  STORAGE(INITIAL 65536 NEXT 1048576 MINEXTENTS 1 MAXEXTENTS 2147483645
  PCTINCREASE 0 FREELISTS 1 FREELIST GROUPS 1 BUFFER_POOL DEFAULT FLASH_CACHE DEFAULT CELL_FLASH_CACHE DEFAULT)
  TABLESPACE "USERS"  ENABLE;
  ALTER TABLE "BDATOS"."ALUMNO" MODIFY ("ALU_DIR" NOT NULL ENABLE);
  ALTER TABLE "BDATOS"."ALUMNO" MODIFY ("ALU_AP_MAT" NOT NULL ENABLE);
  ALTER TABLE "BDATOS"."ALUMNO" MODIFY ("ALU_AP_PAT" NOT NULL ENABLE);
  ALTER TABLE "BDATOS"."ALUMNO" MODIFY ("ALU_NOMBRES" NOT NULL ENABLE);
  ALTER TABLE "BDATOS"."ALUMNO" MODIFY ("ALU_RUN" NOT NULL ENABLE);
--------------------------------------------------------
--  Constraints for Table CARRERA
--------------------------------------------------------

  ALTER TABLE "BDATOS"."CARRERA" MODIFY ("CAR_DEPTO" NOT NULL ENABLE);
  ALTER TABLE "BDATOS"."CARRERA" ADD CONSTRAINT "CARRERA_PK" PRIMARY KEY ("CAR_COD")
  USING INDEX PCTFREE 10 INITRANS 2 MAXTRANS 255 COMPUTE STATISTICS 
  STORAGE(INITIAL 65536 NEXT 1048576 MINEXTENTS 1 MAXEXTENTS 2147483645
  PCTINCREASE 0 FREELISTS 1 FREELIST GROUPS 1 BUFFER_POOL DEFAULT FLASH_CACHE DEFAULT CELL_FLASH_CACHE DEFAULT)
  TABLESPACE "USERS"  ENABLE;
  ALTER TABLE "BDATOS"."CARRERA" MODIFY ("CAR_NOMBRE" NOT NULL ENABLE);
  ALTER TABLE "BDATOS"."CARRERA" MODIFY ("CAR_COD" NOT NULL ENABLE);
--------------------------------------------------------
--  Constraints for Table FACULTAD
--------------------------------------------------------

  ALTER TABLE "BDATOS"."FACULTAD" ADD CONSTRAINT "FACULTAD_PK" PRIMARY KEY ("FAC_COD")
  USING INDEX PCTFREE 10 INITRANS 2 MAXTRANS 255 COMPUTE STATISTICS 
  STORAGE(INITIAL 65536 NEXT 1048576 MINEXTENTS 1 MAXEXTENTS 2147483645
  PCTINCREASE 0 FREELISTS 1 FREELIST GROUPS 1 BUFFER_POOL DEFAULT FLASH_CACHE DEFAULT CELL_FLASH_CACHE DEFAULT)
  TABLESPACE "USERS"  ENABLE;
  ALTER TABLE "BDATOS"."FACULTAD" MODIFY ("FAC_PRESUP" NOT NULL ENABLE);
  ALTER TABLE "BDATOS"."FACULTAD" MODIFY ("FAC_NOMBRE" NOT NULL ENABLE);
  ALTER TABLE "BDATOS"."FACULTAD" MODIFY ("FAC_COD" NOT NULL ENABLE);
--------------------------------------------------------
--  Constraints for Table DEPARTAMENTO
--------------------------------------------------------

  ALTER TABLE "BDATOS"."DEPARTAMENTO" MODIFY ("DEP_FAC" NOT NULL ENABLE);
  ALTER TABLE "BDATOS"."DEPARTAMENTO" ADD CONSTRAINT "DEPARTAMENTO_PK" PRIMARY KEY ("DEP_COD")
  USING INDEX PCTFREE 10 INITRANS 2 MAXTRANS 255 COMPUTE STATISTICS 
  STORAGE(INITIAL 65536 NEXT 1048576 MINEXTENTS 1 MAXEXTENTS 2147483645
  PCTINCREASE 0 FREELISTS 1 FREELIST GROUPS 1 BUFFER_POOL DEFAULT FLASH_CACHE DEFAULT CELL_FLASH_CACHE DEFAULT)
  TABLESPACE "USERS"  ENABLE;
  ALTER TABLE "BDATOS"."DEPARTAMENTO" MODIFY ("DEP_NOMBRE" NOT NULL ENABLE);
  ALTER TABLE "BDATOS"."DEPARTAMENTO" MODIFY ("DEP_COD" NOT NULL ENABLE);
--------------------------------------------------------
--  Ref Constraints for Table ALU_CAR
--------------------------------------------------------

  ALTER TABLE "BDATOS"."ALU_CAR" ADD CONSTRAINT "ALU_CAR_ALUMNO_FK1" FOREIGN KEY ("ACA_RUN")
	  REFERENCES "BDATOS"."ALUMNO" ("ALU_RUN") DISABLE;
  ALTER TABLE "BDATOS"."ALU_CAR" ADD CONSTRAINT "ALU_CAR_CARRERA_FK1" FOREIGN KEY ("ACA_CAR")
	  REFERENCES "BDATOS"."CARRERA" ("CAR_COD") DISABLE;
--------------------------------------------------------
--  Ref Constraints for Table CARRERA
--------------------------------------------------------

  ALTER TABLE "BDATOS"."CARRERA" ADD CONSTRAINT "CARRERA_DEPARTAMENTO_FK1" FOREIGN KEY ("CAR_DEPTO")
	  REFERENCES "BDATOS"."DEPARTAMENTO" ("DEP_COD") ON DELETE CASCADE ENABLE;
--------------------------------------------------------
--  Ref Constraints for Table DEPARTAMENTO
--------------------------------------------------------

  ALTER TABLE "BDATOS"."DEPARTAMENTO" ADD CONSTRAINT "DEPARTAMENTO_FACULTAD_FK1" FOREIGN KEY ("DEP_FAC")
	  REFERENCES "BDATOS"."FACULTAD" ("FAC_COD") ON DELETE CASCADE ENABLE;
--------------------------------------------------------
--  DDL for Function CUSTOM_AUTH
--------------------------------------------------------

  CREATE OR REPLACE FUNCTION "BDATOS"."CUSTOM_AUTH" (p_username in VARCHAR2, p_password in VARCHAR2)
return BOOLEAN
is
  l_password varchar2(4000);
  l_stored_password varchar2(4000);
  l_expires_on date;
  l_count number;
begin
-- First, check to see if the user is in the user table
select count(*) into l_count from demo_users where user_name = p_username;
if l_count > 0 then
  -- First, we fetch the stored hashed password & expire date
  select password, expires_on into l_stored_password, l_expires_on
   from demo_users where user_name = p_username;

  -- Next, we check to see if the user's account is expired
  -- If it is, return FALSE
  if l_expires_on > sysdate or l_expires_on is null then

    -- If the account is not expired, we have to apply the custom hash
    -- function to the password
    l_password := custom_hash(p_username, p_password);

    -- Finally, we compare them to see if they are the same and return
    -- either TRUE or FALSE
    if l_password = l_stored_password then
      return true;
    else
      return false;
    end if;
  else
    return false;
  end if;
else
  -- The username provided is not in the DEMO_USERS table
  return false;
end if;
end;

/

--------------------------------------------------------
--  DDL for Function CUSTOM_HASH
--------------------------------------------------------

  CREATE OR REPLACE FUNCTION "BDATOS"."CUSTOM_HASH" (p_username in varchar2, p_password in varchar2)
return varchar2
is
  l_password varchar2(4000);
  l_salt varchar2(4000) := 'RCLJDZZL0CSM0CP89YI5F6Q9WIT0K0';
begin

-- This function should be wrapped, as the hash algorhythm is exposed here.
-- You can change the value of l_salt or the method of which to call the
-- DBMS_OBFUSCATOIN toolkit, but you much reset all of your passwords
-- if you choose to do this.

l_password := utl_raw.cast_to_raw(dbms_obfuscation_toolkit.md5
  (input_string => p_password || substr(l_salt,10,13) || p_username ||
    substr(l_salt, 4,10)));
return l_password;
end;

/

